-- phpMyAdmin SQL Dump
-- version 4.0.9
-- http://www.phpmyadmin.net
--
-- Host: 127.0.0.1
-- Generation Time: Jan 09, 2018 at 05:22 PM
-- Server version: 5.6.14
-- PHP Version: 5.5.6

SET SQL_MODE = "NO_AUTO_VALUE_ON_ZERO";
SET time_zone = "+00:00";


/*!40101 SET @OLD_CHARACTER_SET_CLIENT=@@CHARACTER_SET_CLIENT */;
/*!40101 SET @OLD_CHARACTER_SET_RESULTS=@@CHARACTER_SET_RESULTS */;
/*!40101 SET @OLD_COLLATION_CONNECTION=@@COLLATION_CONNECTION */;
/*!40101 SET NAMES utf8 */;

--
-- Database: `database_evaluasi`
--

-- --------------------------------------------------------

--
-- Table structure for table `mst_pertanyaan`
--

CREATE TABLE IF NOT EXISTS `mst_pertanyaan` (
  `id_pertanyaan` int(11) NOT NULL AUTO_INCREMENT,
  `isi_pertanyaan` text NOT NULL,
  `kategori_pertanyaan` varchar(1) NOT NULL,
  `prioritas_pertanyaan` int(11) NOT NULL,
  PRIMARY KEY (`id_pertanyaan`)
) ENGINE=InnoDB  DEFAULT CHARSET=latin1 AUTO_INCREMENT=807 ;

--
-- Dumping data for table `mst_pertanyaan`
--

INSERT INTO `mst_pertanyaan` (`id_pertanyaan`, `isi_pertanyaan`, `kategori_pertanyaan`, `prioritas_pertanyaan`) VALUES
(801, 'Performance and material format of the program', 't', 1),
(802, 'The relevance of supporting examples and illustration to a better understanding of the program', 't', 2),
(803, 'The content of the program meets your expectation', 't', 3),
(804, 'Time efficiency toward delivery', 't', 4),
(805, 'Methods used to better understanding of the program', 't', 5),
(806, 'valued added knowledege skills', 't', 6);

-- --------------------------------------------------------

--
-- Table structure for table `mst_pertanyaan_indo`
--

CREATE TABLE IF NOT EXISTS `mst_pertanyaan_indo` (
  `id_pertanyaan` int(11) NOT NULL AUTO_INCREMENT,
  `isi_pertanyaan` text NOT NULL,
  `prioritas_pertanyaan` int(11) NOT NULL,
  PRIMARY KEY (`id_pertanyaan`)
) ENGINE=InnoDB  DEFAULT CHARSET=latin1 AUTO_INCREMENT=3 ;

--
-- Dumping data for table `mst_pertanyaan_indo`
--

INSERT INTO `mst_pertanyaan_indo` (`id_pertanyaan`, `isi_pertanyaan`, `prioritas_pertanyaan`) VALUES
(1, 'performa dan format materi program', 1),
(2, 'hubungan dari ilustrasi', 2);

-- --------------------------------------------------------

--
-- Table structure for table `mst_pertanyaan_instruktur_eng`
--

CREATE TABLE IF NOT EXISTS `mst_pertanyaan_instruktur_eng` (
  `id_pertanyaan_i` int(11) NOT NULL AUTO_INCREMENT,
  `isi_pertanyaan_i` text NOT NULL,
  `kategori_pertanyaan` varchar(2) NOT NULL,
  `prioritas_pertanyaan` int(11) NOT NULL,
  PRIMARY KEY (`id_pertanyaan_i`)
) ENGINE=InnoDB  DEFAULT CHARSET=latin1 AUTO_INCREMENT=9 ;

--
-- Dumping data for table `mst_pertanyaan_instruktur_eng`
--

INSERT INTO `mst_pertanyaan_instruktur_eng` (`id_pertanyaan_i`, `isi_pertanyaan_i`, `kategori_pertanyaan`, `prioritas_pertanyaan`) VALUES
(2, 'Knowledge/understanding on the topic', 'i', 1),
(3, 'Abillity on delivering the topics', 'i', 2),
(4, 'Abillity in handling problems of the participants', 'i', 3),
(5, 'Instructor presentation technique', 'i', 4),
(6, 'Discussion', 'i', 5),
(7, 'Excercises', 'i', 6),
(8, 'Overall rate of the instructors abillity/skils in delivering the program', 'i', 7);

-- --------------------------------------------------------

--
-- Table structure for table `mst_pertanyaan_instruktur_indo`
--

CREATE TABLE IF NOT EXISTS `mst_pertanyaan_instruktur_indo` (
  `id_pertanyaan_i` int(11) NOT NULL AUTO_INCREMENT,
  `isi_pertanyaan_i` text NOT NULL,
  `prioritas_pertanyaan` int(11) NOT NULL,
  PRIMARY KEY (`id_pertanyaan_i`)
) ENGINE=InnoDB  DEFAULT CHARSET=latin1 AUTO_INCREMENT=8 ;

--
-- Dumping data for table `mst_pertanyaan_instruktur_indo`
--

INSERT INTO `mst_pertanyaan_instruktur_indo` (`id_pertanyaan_i`, `isi_pertanyaan_i`, `prioritas_pertanyaan`) VALUES
(1, 'memahami materi', 1),
(2, 'kemampuan menyampaikan materi', 2),
(3, 'kemampuan mengatasi masalah dari peserta', 3),
(4, 'teknik presentasi instruktur', 4),
(5, 'diskusi', 5),
(6, 'latihan', 6),
(7, 'kesulurahan nilai skill dalam training', 7);

-- --------------------------------------------------------

--
-- Table structure for table `nilai_instruktur`
--

CREATE TABLE IF NOT EXISTS `nilai_instruktur` (
  `id_nilai_i` int(11) NOT NULL AUTO_INCREMENT,
  `id_user` int(11) NOT NULL,
  `id_instruktur` int(11) NOT NULL,
  `id_pertanyaan_i` int(11) NOT NULL,
  `nilai_i` int(11) NOT NULL,
  `id_materi` int(11) NOT NULL,
  PRIMARY KEY (`id_nilai_i`)
) ENGINE=InnoDB  DEFAULT CHARSET=latin1 AUTO_INCREMENT=562 ;

--
-- Dumping data for table `nilai_instruktur`
--

INSERT INTO `nilai_instruktur` (`id_nilai_i`, `id_user`, `id_instruktur`, `id_pertanyaan_i`, `nilai_i`, `id_materi`) VALUES
(1, 10222, 0, 2, 4, 0),
(2, 10222, 0, 3, 4, 0),
(3, 10222, 0, 4, 4, 0),
(4, 10222, 0, 5, 4, 0),
(5, 10222, 0, 6, 4, 0),
(6, 10222, 0, 7, 4, 0),
(7, 10222, 0, 8, 4, 0),
(8, 10017, 2001, 2, 1, 0),
(9, 10017, 2001, 3, 1, 0),
(10, 10017, 2001, 4, 1, 0),
(11, 10017, 2001, 5, 1, 0),
(12, 10017, 2001, 6, 1, 0),
(13, 10017, 2001, 7, 1, 0),
(14, 10017, 2001, 8, 1, 0),
(15, 10017, 2002, 2, 3, 0),
(16, 10017, 2002, 3, 3, 0),
(17, 10017, 2002, 4, 3, 0),
(18, 10017, 2002, 5, 3, 0),
(19, 10017, 2002, 6, 3, 0),
(20, 10017, 2002, 7, 3, 0),
(21, 10017, 2002, 8, 3, 0),
(22, 10227, 2001, 2, 1, 0),
(23, 10227, 2001, 3, 1, 0),
(24, 10227, 2001, 4, 1, 0),
(25, 10227, 2001, 5, 1, 0),
(26, 10227, 2001, 6, 1, 0),
(27, 10227, 2001, 7, 1, 0),
(28, 10227, 2001, 8, 1, 0),
(29, 10233, 2001, 2, 4, 0),
(30, 10233, 2001, 3, 3, 0),
(31, 10233, 2001, 4, 3, 0),
(32, 10233, 2001, 5, 3, 0),
(33, 10233, 2001, 6, 3, 0),
(34, 10233, 2001, 7, 3, 0),
(35, 10233, 2001, 8, 3, 0),
(36, 10233, 2001, 2, 2, 0),
(37, 10233, 2001, 3, 2, 0),
(38, 10233, 2001, 4, 2, 0),
(39, 10233, 2001, 5, 2, 0),
(40, 10233, 2001, 6, 2, 0),
(41, 10233, 2001, 7, 2, 0),
(42, 10233, 2001, 8, 2, 0),
(43, 10245, 2001, 2, 1, 0),
(44, 10255, 2001, 2, 2, 0),
(45, 10255, 2001, 3, 2, 0),
(46, 10255, 2001, 4, 2, 0),
(47, 10255, 2001, 5, 2, 0),
(48, 10255, 2001, 6, 3, 0),
(49, 10255, 2001, 7, 3, 0),
(50, 10255, 2001, 8, 4, 0),
(51, 10256, 2001, 2, 4, 0),
(52, 10256, 2001, 3, 4, 0),
(53, 10256, 2001, 4, 4, 0),
(54, 10256, 2001, 5, 4, 0),
(55, 10256, 2001, 6, 4, 0),
(56, 10256, 2001, 7, 4, 0),
(57, 10256, 2001, 8, 4, 0),
(58, 10257, 2001, 2, 4, 0),
(59, 10257, 2001, 3, 4, 0),
(60, 10257, 2001, 4, 4, 0),
(61, 10257, 2001, 5, 4, 0),
(62, 10257, 2001, 6, 4, 0),
(63, 10257, 2001, 7, 4, 0),
(64, 10257, 2001, 8, 4, 0),
(65, 10257, 2001, 2, 4, 0),
(66, 10257, 2001, 3, 4, 0),
(67, 10257, 2001, 4, 4, 0),
(68, 10257, 2001, 5, 4, 0),
(69, 10257, 2001, 6, 4, 0),
(70, 10257, 2001, 7, 4, 0),
(71, 10257, 2001, 8, 4, 0),
(72, 10265, 2001, 2, 2, 0),
(73, 10265, 2001, 3, 2, 0),
(74, 10265, 2001, 4, 2, 0),
(75, 10265, 2001, 5, 2, 0),
(76, 10265, 2001, 6, 2, 0),
(77, 10265, 2001, 7, 2, 0),
(78, 10265, 2001, 8, 2, 0),
(79, 10265, 2001, 2, 3, 0),
(80, 10265, 2001, 3, 3, 0),
(81, 10265, 2001, 4, 3, 0),
(82, 10265, 2001, 5, 3, 0),
(83, 10265, 2001, 6, 3, 0),
(84, 10265, 2001, 7, 3, 0),
(85, 10265, 2001, 8, 3, 0),
(86, 10015, 2001, 2, 1, 0),
(87, 10015, 2001, 3, 1, 0),
(88, 10015, 2001, 4, 1, 0),
(89, 10015, 2001, 5, 1, 0),
(90, 10015, 2001, 6, 1, 0),
(91, 10015, 2001, 7, 1, 0),
(92, 10015, 2001, 8, 1, 0),
(93, 10015, 2002, 2, 4, 0),
(94, 10015, 2002, 3, 4, 0),
(95, 10015, 2002, 4, 4, 0),
(96, 10015, 2002, 5, 4, 0),
(97, 10015, 2002, 6, 4, 0),
(98, 10015, 2002, 7, 4, 0),
(99, 10015, 2002, 8, 4, 0),
(100, 10271, 2001, 2, 1, 0),
(101, 10271, 2001, 3, 1, 0),
(102, 10271, 2001, 4, 1, 0),
(103, 10271, 2001, 5, 1, 0),
(104, 10271, 2001, 6, 1, 0),
(105, 10271, 2001, 7, 1, 0),
(106, 10271, 2001, 8, 1, 0),
(107, 10271, 2002, 2, 4, 0),
(108, 10271, 2002, 3, 4, 0),
(109, 10271, 2002, 4, 4, 0),
(110, 10271, 2002, 5, 4, 0),
(111, 10271, 2002, 6, 4, 0),
(112, 10271, 2002, 7, 4, 0),
(113, 10271, 2002, 8, 4, 0),
(114, 10272, 2002, 2, 2, 0),
(115, 10272, 2002, 3, 2, 0),
(116, 10272, 2002, 4, 2, 0),
(117, 10272, 2002, 5, 2, 0),
(118, 10272, 2002, 6, 2, 0),
(119, 10272, 2002, 7, 2, 0),
(120, 10272, 2002, 8, 2, 0),
(121, 10272, 2002, 2, 3, 0),
(122, 10272, 2002, 3, 3, 0),
(123, 10272, 2002, 4, 3, 0),
(124, 10272, 2002, 5, 3, 0),
(125, 10272, 2002, 6, 3, 0),
(126, 10272, 2002, 7, 3, 0),
(127, 10272, 2002, 8, 3, 0),
(128, 10032, 2001, 2, 1, 0),
(129, 10032, 2001, 3, 1, 0),
(130, 10032, 2001, 4, 1, 0),
(131, 10032, 2001, 5, 1, 0),
(132, 10032, 2001, 6, 1, 0),
(133, 10032, 2001, 7, 1, 0),
(134, 10032, 2001, 8, 1, 0),
(135, 10036, 2001, 2, 2, 0),
(136, 10036, 2001, 3, 2, 0),
(137, 10036, 2001, 4, 2, 0),
(138, 10036, 2001, 5, 2, 0),
(139, 10036, 2001, 6, 2, 0),
(140, 10036, 2001, 7, 2, 0),
(141, 10036, 2001, 8, 2, 0),
(142, 10278, 2002, 2, 1, 0),
(143, 10278, 2002, 3, 1, 0),
(144, 10278, 2002, 4, 1, 0),
(145, 10278, 2002, 5, 1, 0),
(146, 10278, 2002, 6, 1, 0),
(147, 10278, 2002, 7, 1, 0),
(148, 10278, 2002, 8, 1, 0),
(149, 10279, 2001, 2, 3, 0),
(150, 10279, 2001, 3, 3, 0),
(151, 10279, 2001, 4, 3, 0),
(152, 10279, 2001, 5, 3, 0),
(153, 10279, 2001, 6, 3, 0),
(154, 10279, 2001, 7, 3, 0),
(155, 10279, 2001, 8, 3, 0),
(156, 10281, 2002, 2, 2, 0),
(157, 10281, 2002, 3, 2, 0),
(158, 10281, 2002, 4, 2, 0),
(159, 10281, 2002, 5, 2, 0),
(160, 10281, 2002, 6, 2, 0),
(161, 10281, 2002, 7, 2, 0),
(162, 10281, 2002, 8, 2, 0),
(163, 10294, 2001, 1, 2, 0),
(164, 10294, 2001, 2, 2, 0),
(165, 10294, 2001, 3, 2, 0),
(166, 10294, 2001, 4, 2, 0),
(167, 10294, 2001, 5, 2, 0),
(168, 10294, 2001, 6, 2, 0),
(169, 10294, 2001, 7, 2, 0),
(170, 10294, 2001, 1, 2, 0),
(171, 10294, 2001, 2, 2, 0),
(172, 10294, 2001, 3, 2, 0),
(173, 10294, 2001, 4, 2, 0),
(174, 10294, 2001, 5, 2, 0),
(175, 10294, 2001, 6, 2, 0),
(176, 10294, 2001, 7, 2, 0),
(177, 10294, 2001, 1, 2, 0),
(178, 10294, 2001, 2, 2, 0),
(179, 10294, 2001, 3, 2, 0),
(180, 10294, 2001, 4, 2, 0),
(181, 10294, 2001, 5, 2, 0),
(182, 10294, 2001, 6, 2, 0),
(183, 10294, 2001, 7, 2, 0),
(184, 10294, 2002, 1, 3, 0),
(185, 10294, 2002, 2, 3, 0),
(186, 10294, 2002, 3, 3, 0),
(187, 10294, 2002, 4, 3, 0),
(188, 10294, 2002, 5, 3, 0),
(189, 10294, 2002, 6, 3, 0),
(190, 10294, 2002, 7, 3, 0),
(191, 10308, 2002, 2, 3, 0),
(192, 10308, 2002, 3, 3, 0),
(193, 10308, 2002, 4, 3, 0),
(194, 10308, 2002, 5, 3, 0),
(195, 10308, 2002, 6, 3, 0),
(196, 10308, 2002, 7, 3, 0),
(197, 10308, 2002, 8, 3, 0),
(198, 10032, 2001, 1, 2, 0),
(199, 10032, 2001, 2, 2, 0),
(200, 10032, 2001, 3, 2, 0),
(201, 10032, 2001, 4, 2, 0),
(202, 10032, 2001, 5, 2, 0),
(203, 10032, 2001, 6, 2, 0),
(204, 10032, 2001, 7, 2, 0),
(205, 10233, 2001, 2, 1, 0),
(206, 10233, 2001, 3, 1, 0),
(207, 10233, 2001, 4, 1, 0),
(208, 10233, 2001, 5, 1, 0),
(209, 10233, 2001, 6, 1, 0),
(210, 10233, 2001, 7, 1, 0),
(211, 10233, 2001, 8, 1, 0),
(212, 10317, 2003, 2, 1, 7002),
(213, 10317, 2003, 3, 1, 7002),
(214, 10317, 2003, 4, 1, 7002),
(215, 10317, 2003, 5, 1, 7002),
(216, 10317, 2003, 6, 1, 7002),
(217, 10317, 2003, 7, 1, 7002),
(218, 10317, 2003, 8, 1, 7002),
(219, 10335, 2001, 2, 2, 7001),
(220, 10335, 2001, 3, 2, 7001),
(221, 10335, 2001, 4, 2, 7001),
(222, 10335, 2001, 5, 2, 7001),
(223, 10335, 2001, 6, 2, 7001),
(224, 10335, 2001, 7, 2, 7001),
(225, 10335, 2001, 8, 2, 7001),
(226, 10335, 2002, 2, 3, 7001),
(227, 10335, 2002, 3, 3, 7001),
(228, 10335, 2002, 4, 3, 7001),
(229, 10335, 2002, 5, 3, 7001),
(230, 10335, 2002, 6, 3, 7001),
(231, 10335, 2002, 7, 3, 7001),
(232, 10335, 2002, 8, 3, 7001),
(233, 10335, 2001, 2, 2, 7001),
(234, 10335, 2001, 3, 2, 7001),
(235, 10335, 2001, 4, 2, 7001),
(236, 10335, 2001, 5, 2, 7001),
(237, 10335, 2001, 6, 2, 7001),
(238, 10335, 2001, 7, 2, 7001),
(239, 10335, 2001, 8, 2, 7001),
(240, 10335, 2002, 2, 3, 7001),
(241, 10335, 2002, 3, 3, 7001),
(242, 10335, 2002, 4, 3, 7001),
(243, 10335, 2002, 5, 3, 7001),
(244, 10335, 2002, 6, 3, 7001),
(245, 10335, 2002, 7, 3, 7001),
(246, 10335, 2002, 8, 3, 7001),
(247, 10336, 2003, 1, 2, 7002),
(248, 10336, 2003, 2, 2, 7002),
(249, 10336, 2003, 3, 2, 7002),
(250, 10336, 2003, 4, 2, 7002),
(251, 10336, 2003, 5, 2, 7002),
(252, 10336, 2003, 6, 2, 7002),
(253, 10336, 2003, 7, 2, 7002),
(254, 10337, 2001, 1, 4, 7001),
(255, 10337, 2001, 2, 4, 7001),
(256, 10337, 2001, 3, 4, 7001),
(257, 10337, 2001, 4, 4, 7001),
(258, 10337, 2001, 5, 4, 7001),
(259, 10337, 2001, 6, 4, 7001),
(260, 10337, 2001, 7, 4, 7001),
(261, 10337, 2002, 1, 1, 7001),
(262, 10337, 2002, 2, 1, 7001),
(263, 10337, 2002, 3, 1, 7001),
(264, 10337, 2002, 4, 1, 7001),
(265, 10337, 2002, 5, 1, 7001),
(266, 10337, 2002, 6, 1, 7001),
(267, 10337, 2002, 7, 1, 7001),
(268, 10343, 2001, 1, 2, 7001),
(269, 10343, 2001, 2, 2, 7001),
(270, 10343, 2001, 3, 2, 7001),
(271, 10343, 2001, 4, 2, 7001),
(272, 10343, 2001, 5, 2, 7001),
(273, 10343, 2001, 6, 2, 7001),
(274, 10343, 2001, 7, 2, 7001),
(275, 10343, 2002, 1, 3, 7001),
(276, 10343, 2002, 2, 3, 7001),
(277, 10343, 2002, 3, 3, 7001),
(278, 10343, 2002, 4, 3, 7001),
(279, 10343, 2002, 5, 3, 7001),
(280, 10343, 2002, 6, 3, 7001),
(281, 10343, 2002, 7, 3, 7001),
(282, 10343, 2004, 1, 4, 7001),
(283, 10343, 2004, 2, 4, 7001),
(284, 10343, 2004, 3, 4, 7001),
(285, 10343, 2004, 4, 4, 7001),
(286, 10343, 2004, 5, 4, 7001),
(287, 10343, 2004, 6, 4, 7001),
(288, 10343, 2004, 7, 4, 7001),
(289, 10375, 2003, 1, 1, 7002),
(290, 10375, 2003, 2, 1, 7002),
(291, 10375, 2003, 3, 1, 7002),
(292, 10375, 2003, 4, 1, 7002),
(293, 10375, 2003, 5, 1, 7002),
(294, 10375, 2003, 6, 1, 7002),
(295, 10375, 2003, 7, 1, 7002),
(296, 10375, 2006, 1, 2, 7002),
(297, 10375, 2006, 2, 2, 7002),
(298, 10375, 2006, 3, 2, 7002),
(299, 10375, 2006, 4, 2, 7002),
(300, 10375, 2006, 5, 2, 7002),
(301, 10375, 2006, 6, 2, 7002),
(302, 10375, 2006, 7, 2, 7002),
(303, 10375, 2007, 1, 3, 7002),
(304, 10375, 2007, 2, 3, 7002),
(305, 10375, 2007, 3, 3, 7002),
(306, 10375, 2007, 4, 3, 7002),
(307, 10375, 2007, 5, 3, 7002),
(308, 10375, 2007, 6, 3, 7002),
(309, 10375, 2007, 7, 3, 7002),
(310, 10375, 2008, 1, 4, 7002),
(311, 10375, 2008, 2, 4, 7002),
(312, 10375, 2008, 3, 4, 7002),
(313, 10375, 2008, 4, 4, 7002),
(314, 10375, 2008, 5, 4, 7002),
(315, 10375, 2008, 6, 4, 7002),
(316, 10375, 2008, 7, 4, 7002),
(317, 10380, 2003, 1, 1, 7002),
(318, 10380, 2003, 2, 1, 7002),
(319, 10380, 2003, 3, 1, 7002),
(320, 10380, 2003, 4, 1, 7002),
(321, 10380, 2003, 5, 1, 7002),
(322, 10380, 2003, 6, 1, 7002),
(323, 10380, 2003, 7, 1, 7002),
(324, 10380, 2006, 1, 2, 7002),
(325, 10380, 2006, 2, 2, 7002),
(326, 10380, 2006, 3, 2, 7002),
(327, 10380, 2006, 4, 2, 7002),
(328, 10380, 2006, 5, 2, 7002),
(329, 10380, 2006, 6, 2, 7002),
(330, 10380, 2006, 7, 2, 7002),
(331, 10380, 2007, 1, 3, 7002),
(332, 10380, 2007, 2, 3, 7002),
(333, 10380, 2007, 3, 3, 7002),
(334, 10380, 2007, 4, 3, 7002),
(335, 10380, 2007, 5, 3, 7002),
(336, 10380, 2007, 6, 3, 7002),
(337, 10380, 2007, 7, 3, 7002),
(338, 10380, 2008, 1, 4, 7002),
(339, 10380, 2008, 2, 4, 7002),
(340, 10380, 2008, 3, 4, 7002),
(341, 10380, 2008, 4, 4, 7002),
(342, 10380, 2008, 5, 4, 7002),
(343, 10380, 2008, 6, 4, 7002),
(344, 10380, 2008, 7, 4, 7002),
(345, 10380, 2009, 1, 5, 7002),
(346, 10380, 2009, 2, 5, 7002),
(347, 10380, 2009, 3, 5, 7002),
(348, 10380, 2009, 4, 5, 7002),
(349, 10380, 2009, 5, 5, 7002),
(350, 10380, 2009, 6, 5, 7002),
(351, 10380, 2009, 7, 5, 7002),
(352, 10381, 2003, 1, 1, 7002),
(353, 10381, 2003, 2, 1, 7002),
(354, 10381, 2003, 3, 1, 7002),
(355, 10381, 2003, 4, 1, 7002),
(356, 10381, 2003, 5, 1, 7002),
(357, 10381, 2003, 6, 1, 7002),
(358, 10381, 2003, 7, 1, 7002),
(359, 10381, 2006, 1, 2, 7002),
(360, 10381, 2006, 2, 2, 7002),
(361, 10381, 2006, 3, 2, 7002),
(362, 10381, 2006, 4, 2, 7002),
(363, 10381, 2006, 5, 2, 7002),
(364, 10381, 2006, 6, 2, 7002),
(365, 10381, 2006, 7, 2, 7002),
(366, 10381, 2007, 1, 3, 7002),
(367, 10381, 2007, 2, 3, 7002),
(368, 10381, 2007, 3, 3, 7002),
(369, 10381, 2007, 4, 3, 7002),
(370, 10381, 2007, 5, 3, 7002),
(371, 10381, 2007, 6, 3, 7002),
(372, 10381, 2007, 7, 3, 7002),
(373, 10381, 2008, 1, 4, 7002),
(374, 10381, 2008, 2, 4, 7002),
(375, 10381, 2008, 3, 4, 7002),
(376, 10381, 2008, 4, 4, 7002),
(377, 10381, 2008, 5, 4, 7002),
(378, 10381, 2008, 6, 4, 7002),
(379, 10381, 2008, 7, 4, 7002),
(380, 10381, 2009, 1, 5, 7002),
(381, 10381, 2009, 2, 5, 7002),
(382, 10381, 2009, 3, 5, 7002),
(383, 10381, 2009, 4, 5, 7002),
(384, 10381, 2009, 5, 5, 7002),
(385, 10381, 2009, 6, 5, 7002),
(386, 10381, 2009, 7, 5, 7002),
(387, 10381, 2010, 1, 4, 7002),
(388, 10381, 2010, 2, 4, 7002),
(389, 10381, 2010, 3, 4, 7002),
(390, 10381, 2010, 4, 4, 7002),
(391, 10381, 2010, 5, 4, 7002),
(392, 10381, 2010, 6, 4, 7002),
(393, 10381, 2010, 7, 4, 7002),
(394, 10382, 2003, 1, 1, 7002),
(395, 10382, 2003, 2, 1, 7002),
(396, 10382, 2003, 3, 1, 7002),
(397, 10382, 2003, 4, 1, 7002),
(398, 10382, 2003, 5, 1, 7002),
(399, 10382, 2003, 6, 1, 7002),
(400, 10382, 2003, 7, 1, 7002),
(401, 10382, 2006, 1, 2, 7002),
(402, 10382, 2006, 2, 2, 7002),
(403, 10382, 2006, 3, 2, 7002),
(404, 10382, 2006, 4, 2, 7002),
(405, 10382, 2006, 5, 2, 7002),
(406, 10382, 2006, 6, 2, 7002),
(407, 10382, 2006, 7, 2, 7002),
(408, 10382, 2007, 1, 3, 7002),
(409, 10382, 2007, 2, 3, 7002),
(410, 10382, 2007, 3, 3, 7002),
(411, 10382, 2007, 4, 3, 7002),
(412, 10382, 2007, 5, 3, 7002),
(413, 10382, 2007, 6, 3, 7002),
(414, 10382, 2007, 7, 3, 7002),
(415, 10382, 2008, 1, 4, 7002),
(416, 10382, 2008, 2, 4, 7002),
(417, 10382, 2008, 3, 4, 7002),
(418, 10382, 2008, 4, 4, 7002),
(419, 10382, 2008, 5, 4, 7002),
(420, 10382, 2008, 6, 4, 7002),
(421, 10382, 2008, 7, 4, 7002),
(422, 10382, 2009, 1, 5, 7002),
(423, 10382, 2009, 2, 5, 7002),
(424, 10382, 2009, 3, 5, 7002),
(425, 10382, 2009, 4, 5, 7002),
(426, 10382, 2009, 5, 5, 7002),
(427, 10382, 2009, 6, 5, 7002),
(428, 10382, 2009, 7, 5, 7002),
(429, 10382, 2010, 1, 4, 7002),
(430, 10382, 2010, 2, 4, 7002),
(431, 10382, 2010, 3, 4, 7002),
(432, 10382, 2010, 4, 4, 7002),
(433, 10382, 2010, 5, 4, 7002),
(434, 10382, 2010, 6, 4, 7002),
(435, 10382, 2010, 7, 4, 7002),
(436, 10382, 2011, 1, 3, 7002),
(437, 10382, 2011, 2, 3, 7002),
(438, 10382, 2011, 3, 3, 7002),
(439, 10382, 2011, 4, 3, 7002),
(440, 10382, 2011, 5, 3, 7002),
(441, 10382, 2011, 6, 3, 7002),
(442, 10382, 2011, 7, 3, 7002),
(443, 10383, 2003, 1, 1, 7002),
(444, 10383, 2003, 2, 1, 7002),
(445, 10383, 2003, 3, 1, 7002),
(446, 10383, 2003, 4, 1, 7002),
(447, 10383, 2003, 5, 1, 7002),
(448, 10383, 2003, 6, 1, 7002),
(449, 10383, 2003, 7, 1, 7002),
(450, 10383, 2006, 1, 2, 7002),
(451, 10383, 2006, 2, 2, 7002),
(452, 10383, 2006, 3, 2, 7002),
(453, 10383, 2006, 4, 2, 7002),
(454, 10383, 2006, 5, 2, 7002),
(455, 10383, 2006, 6, 2, 7002),
(456, 10383, 2006, 7, 2, 7002),
(457, 10383, 2007, 1, 3, 7002),
(458, 10383, 2007, 2, 3, 7002),
(459, 10383, 2007, 3, 3, 7002),
(460, 10383, 2007, 4, 3, 7002),
(461, 10383, 2007, 5, 3, 7002),
(462, 10383, 2007, 6, 3, 7002),
(463, 10383, 2007, 7, 3, 7002),
(464, 10383, 2008, 1, 4, 7002),
(465, 10383, 2008, 2, 4, 7002),
(466, 10383, 2008, 3, 4, 7002),
(467, 10383, 2008, 4, 4, 7002),
(468, 10383, 2008, 5, 4, 7002),
(469, 10383, 2008, 6, 4, 7002),
(470, 10383, 2008, 7, 4, 7002),
(471, 10383, 2009, 1, 5, 7002),
(472, 10383, 2009, 2, 5, 7002),
(473, 10383, 2009, 3, 5, 7002),
(474, 10383, 2009, 4, 5, 7002),
(475, 10383, 2009, 5, 5, 7002),
(476, 10383, 2009, 6, 5, 7002),
(477, 10383, 2009, 7, 5, 7002),
(478, 10383, 2010, 1, 4, 7002),
(479, 10383, 2010, 2, 4, 7002),
(480, 10383, 2010, 3, 4, 7002),
(481, 10383, 2010, 4, 4, 7002),
(482, 10383, 2010, 5, 4, 7002),
(483, 10383, 2010, 6, 4, 7002),
(484, 10383, 2010, 7, 4, 7002),
(485, 10383, 2011, 1, 3, 7002),
(486, 10383, 2011, 2, 3, 7002),
(487, 10383, 2011, 3, 3, 7002),
(488, 10383, 2011, 4, 3, 7002),
(489, 10383, 2011, 5, 3, 7002),
(490, 10383, 2011, 6, 3, 7002),
(491, 10383, 2011, 7, 3, 7002),
(492, 10383, 2012, 1, 2, 7002),
(493, 10383, 2012, 2, 2, 7002),
(494, 10383, 2012, 3, 2, 7002),
(495, 10383, 2012, 4, 2, 7002),
(496, 10383, 2012, 5, 2, 7002),
(497, 10383, 2012, 6, 2, 7002),
(498, 10383, 2012, 7, 2, 7002),
(499, 10384, 2003, 1, 1, 7002),
(500, 10384, 2003, 2, 1, 7002),
(501, 10384, 2003, 3, 1, 7002),
(502, 10384, 2003, 4, 1, 7002),
(503, 10384, 2003, 5, 1, 7002),
(504, 10384, 2003, 6, 1, 7002),
(505, 10384, 2003, 7, 1, 7002),
(506, 10384, 2006, 1, 2, 7002),
(507, 10384, 2006, 2, 2, 7002),
(508, 10384, 2006, 3, 2, 7002),
(509, 10384, 2006, 4, 2, 7002),
(510, 10384, 2006, 5, 2, 7002),
(511, 10384, 2006, 6, 2, 7002),
(512, 10384, 2006, 7, 2, 7002),
(513, 10384, 2007, 1, 3, 7002),
(514, 10384, 2007, 2, 3, 7002),
(515, 10384, 2007, 3, 3, 7002),
(516, 10384, 2007, 4, 3, 7002),
(517, 10384, 2007, 5, 3, 7002),
(518, 10384, 2007, 6, 3, 7002),
(519, 10384, 2007, 7, 3, 7002),
(520, 10384, 2008, 1, 4, 7002),
(521, 10384, 2008, 2, 4, 7002),
(522, 10384, 2008, 3, 4, 7002),
(523, 10384, 2008, 4, 4, 7002),
(524, 10384, 2008, 5, 4, 7002),
(525, 10384, 2008, 6, 4, 7002),
(526, 10384, 2008, 7, 4, 7002),
(527, 10384, 2009, 1, 5, 7002),
(528, 10384, 2009, 2, 5, 7002),
(529, 10384, 2009, 3, 5, 7002),
(530, 10384, 2009, 4, 5, 7002),
(531, 10384, 2009, 5, 5, 7002),
(532, 10384, 2009, 6, 5, 7002),
(533, 10384, 2009, 7, 5, 7002),
(534, 10384, 2010, 1, 4, 7002),
(535, 10384, 2010, 2, 4, 7002),
(536, 10384, 2010, 3, 4, 7002),
(537, 10384, 2010, 4, 4, 7002),
(538, 10384, 2010, 5, 4, 7002),
(539, 10384, 2010, 6, 4, 7002),
(540, 10384, 2010, 7, 4, 7002),
(541, 10384, 2011, 1, 3, 7002),
(542, 10384, 2011, 2, 3, 7002),
(543, 10384, 2011, 3, 3, 7002),
(544, 10384, 2011, 4, 3, 7002),
(545, 10384, 2011, 5, 3, 7002),
(546, 10384, 2011, 6, 3, 7002),
(547, 10384, 2011, 7, 3, 7002),
(548, 10384, 2012, 1, 2, 7002),
(549, 10384, 2012, 2, 2, 7002),
(550, 10384, 2012, 3, 2, 7002),
(551, 10384, 2012, 4, 2, 7002),
(552, 10384, 2012, 5, 2, 7002),
(553, 10384, 2012, 6, 2, 7002),
(554, 10384, 2012, 7, 2, 7002),
(555, 10384, 2013, 1, 1, 7002),
(556, 10384, 2013, 2, 1, 7002),
(557, 10384, 2013, 3, 1, 7002),
(558, 10384, 2013, 4, 1, 7002),
(559, 10384, 2013, 5, 1, 7002),
(560, 10384, 2013, 6, 1, 7002),
(561, 10384, 2013, 7, 1, 7002);

-- --------------------------------------------------------

--
-- Table structure for table `nilai_training`
--

CREATE TABLE IF NOT EXISTS `nilai_training` (
  `id_nilai_t` int(11) NOT NULL AUTO_INCREMENT,
  `id_user` int(11) NOT NULL,
  `id_materi` int(11) NOT NULL,
  `id_pertanyaan` int(11) NOT NULL,
  `nilai_t` int(11) NOT NULL,
  PRIMARY KEY (`id_nilai_t`)
) ENGINE=InnoDB  DEFAULT CHARSET=latin1 AUTO_INCREMENT=532 ;

--
-- Dumping data for table `nilai_training`
--

INSERT INTO `nilai_training` (`id_nilai_t`, `id_user`, `id_materi`, `id_pertanyaan`, `nilai_t`) VALUES
(2, 10001, 7001, 801, 5),
(3, 10001, 7001, 802, 2),
(4, 10001, 7001, 803, 3),
(5, 10001, 7001, 804, 4),
(6, 10001, 7001, 805, 5),
(7, 10001, 7001, 806, 5),
(8, 10002, 7001, 801, 2),
(9, 10002, 7001, 802, 4),
(10, 10002, 7001, 803, 2),
(11, 10002, 7001, 804, 4),
(12, 10002, 7001, 805, 1),
(13, 10002, 7001, 806, 5),
(14, 10003, 7001, 801, 3),
(15, 10003, 7001, 802, 1),
(16, 10003, 7001, 803, 2),
(17, 10003, 7001, 804, 5),
(18, 10003, 7001, 805, 2),
(19, 10003, 7001, 806, 5),
(20, 10004, 7001, 801, 3),
(21, 10004, 7001, 802, 1),
(22, 10004, 7001, 803, 2),
(23, 10004, 7001, 804, 5),
(24, 10004, 7001, 805, 2),
(25, 10004, 7002, 806, 5),
(26, 10210, 7002, 806, 3),
(27, 10211, 7002, 801, 1),
(28, 10211, 7002, 802, 1),
(29, 10211, 7002, 803, 1),
(30, 10211, 7002, 804, 1),
(31, 10211, 7002, 805, 1),
(32, 10211, 7002, 806, 1),
(33, 10211, 7002, 801, 4),
(34, 10211, 7002, 802, 4),
(35, 10211, 7002, 803, 4),
(36, 10211, 7002, 804, 4),
(37, 10211, 7002, 805, 4),
(38, 10211, 7002, 806, 4),
(39, 10211, 7002, 801, 4),
(40, 10211, 7002, 802, 4),
(41, 10211, 7002, 803, 4),
(42, 10211, 7002, 804, 4),
(43, 10211, 7002, 805, 4),
(44, 10211, 7002, 806, 4),
(45, 10211, 7002, 801, 3),
(46, 10211, 7002, 802, 3),
(47, 10211, 7002, 803, 3),
(48, 10211, 7002, 804, 3),
(49, 10211, 7002, 805, 3),
(50, 10211, 7002, 806, 3),
(51, 10211, 7002, 801, 2),
(52, 10211, 7002, 802, 2),
(53, 10211, 7002, 803, 2),
(54, 10211, 7002, 804, 2),
(55, 10211, 7002, 805, 2),
(56, 10211, 7002, 806, 2),
(57, 10211, 7002, 801, 1),
(58, 10211, 7002, 802, 1),
(59, 10211, 7002, 803, 1),
(60, 10211, 7002, 804, 1),
(61, 10211, 7002, 805, 1),
(62, 10211, 7002, 806, 1),
(63, 10217, 7002, 801, 2),
(64, 10217, 7002, 802, 2),
(65, 10217, 7002, 803, 2),
(66, 10217, 7002, 804, 2),
(67, 10217, 7002, 805, 2),
(68, 10217, 7002, 806, 2),
(69, 10218, 7002, 801, 3),
(70, 10218, 7002, 802, 3),
(71, 10218, 7002, 803, 3),
(72, 10218, 7002, 804, 3),
(73, 10218, 7002, 805, 3),
(74, 10218, 7002, 806, 3),
(75, 10218, 7002, 801, 3),
(76, 10218, 7002, 802, 3),
(77, 10218, 7002, 803, 3),
(78, 10218, 7002, 804, 3),
(79, 10218, 7002, 805, 3),
(80, 10218, 7002, 806, 3),
(81, 10219, 7002, 801, 1),
(82, 10219, 7002, 802, 1),
(83, 10219, 7002, 803, 1),
(84, 10219, 7002, 804, 1),
(85, 10219, 7002, 805, 1),
(86, 10219, 7002, 806, 1),
(87, 10219, 7002, 801, 1),
(88, 10219, 7002, 802, 1),
(89, 10219, 7002, 803, 1),
(90, 10219, 7002, 804, 1),
(91, 10219, 7002, 805, 1),
(92, 10219, 7002, 806, 1),
(93, 10221, 7002, 801, 3),
(94, 10221, 7002, 802, 3),
(95, 10221, 7002, 803, 3),
(96, 10221, 7002, 804, 3),
(97, 10221, 7002, 805, 3),
(98, 10221, 7002, 806, 3),
(99, 10222, 7002, 801, 4),
(100, 10222, 7002, 802, 4),
(101, 10222, 7002, 803, 4),
(102, 10222, 7002, 804, 4),
(103, 10222, 7002, 805, 4),
(104, 10222, 7002, 806, 4),
(105, 10222, 7002, 801, 4),
(106, 10222, 7002, 802, 4),
(107, 10222, 7002, 803, 4),
(108, 10222, 7002, 804, 4),
(109, 10222, 7002, 805, 4),
(110, 10222, 7002, 806, 4),
(111, 10017, 7002, 801, 3),
(112, 10017, 7002, 802, 3),
(113, 10017, 7002, 803, 3),
(114, 10017, 7002, 804, 3),
(115, 10017, 7002, 805, 3),
(116, 10017, 7002, 806, 3),
(117, 10017, 7002, 801, 2),
(118, 10017, 7002, 802, 2),
(119, 10017, 7002, 803, 2),
(120, 10017, 7002, 804, 2),
(121, 10017, 7002, 805, 2),
(122, 10017, 7002, 806, 2),
(123, 10017, 7001, 801, 2),
(124, 10017, 7001, 802, 2),
(125, 10017, 7001, 803, 2),
(126, 10017, 7001, 804, 2),
(127, 10017, 7001, 805, 2),
(128, 10017, 7001, 806, 2),
(129, 10227, 7002, 801, 1),
(130, 10227, 7002, 802, 1),
(131, 10227, 7002, 803, 1),
(132, 10227, 7002, 804, 1),
(133, 10227, 7002, 805, 1),
(134, 10227, 7002, 806, 1),
(135, 10233, 7002, 801, 1),
(136, 10233, 7002, 803, 1),
(137, 10233, 7002, 804, 1),
(138, 10233, 7002, 805, 1),
(139, 10233, 7002, 801, 1),
(140, 10233, 7002, 802, 1),
(141, 10233, 7002, 803, 1),
(142, 10233, 7002, 804, 1),
(143, 10233, 7002, 805, 1),
(144, 10233, 7002, 806, 1),
(145, 10233, 7002, 801, 1),
(146, 10233, 7002, 802, 1),
(147, 10233, 7002, 805, 2),
(148, 10233, 7002, 806, 2),
(149, 10233, 7002, 802, 3),
(150, 10233, 7002, 802, 4),
(151, 10242, 7002, 801, 1),
(152, 10243, 7002, 801, 1),
(153, 10244, 7002, 806, 3),
(154, 10245, 7002, 801, 1),
(155, 10245, 7002, 801, 1),
(156, 10245, 7002, 803, 1),
(157, 10245, 7002, 804, 1),
(158, 10245, 7002, 805, 1),
(159, 10245, 7002, 805, 1),
(160, 10245, 7002, 801, 1),
(161, 10245, 7002, 802, 1),
(162, 10245, 7002, 803, 2),
(163, 10245, 7002, 804, 3),
(164, 10245, 7002, 805, 1),
(165, 10245, 7002, 806, 2),
(166, 10245, 7002, 801, 2),
(167, 10245, 7002, 802, 2),
(168, 10245, 7002, 803, 3),
(169, 10245, 7002, 804, 3),
(170, 10245, 7002, 805, 3),
(171, 10245, 7002, 806, 4),
(172, 10255, 7002, 801, 1),
(173, 10255, 7002, 802, 3),
(174, 10255, 7002, 803, 1),
(175, 10255, 7002, 804, 4),
(176, 10255, 7002, 805, 1),
(177, 10255, 7002, 806, 1),
(178, 10256, 7001, 801, 4),
(179, 10256, 7001, 802, 4),
(180, 10256, 7001, 803, 4),
(181, 10256, 7001, 804, 4),
(182, 10256, 7001, 805, 4),
(183, 10256, 7001, 806, 4),
(184, 10257, 7001, 801, 4),
(185, 10257, 7001, 802, 4),
(186, 10257, 7001, 803, 4),
(187, 10257, 7001, 804, 4),
(188, 10257, 7001, 805, 4),
(189, 10257, 7001, 806, 4),
(190, 10264, 7001, 801, 4),
(191, 10264, 7001, 802, 4),
(192, 10264, 7001, 803, 4),
(193, 10264, 7001, 804, 4),
(194, 10264, 7001, 805, 4),
(195, 10264, 7001, 806, 4),
(196, 10264, 7001, 801, 4),
(197, 10264, 7001, 802, 4),
(198, 10264, 7001, 803, 4),
(199, 10264, 7001, 804, 4),
(200, 10264, 7001, 805, 4),
(201, 10264, 7001, 806, 4),
(202, 10264, 7001, 801, 4),
(203, 10264, 7001, 802, 4),
(204, 10264, 7001, 803, 4),
(205, 10264, 7001, 804, 4),
(206, 10264, 7001, 805, 4),
(207, 10264, 7001, 806, 4),
(208, 10265, 7001, 801, 4),
(209, 10265, 7001, 802, 4),
(210, 10265, 7001, 803, 4),
(211, 10265, 7001, 804, 4),
(212, 10265, 7001, 805, 4),
(213, 10265, 7001, 806, 4),
(214, 10015, 7001, 801, 3),
(215, 10015, 7001, 802, 3),
(216, 10015, 7001, 803, 3),
(217, 10015, 7001, 804, 3),
(218, 10015, 7001, 805, 3),
(219, 10015, 7001, 806, 3),
(220, 10015, 7001, 801, 3),
(221, 10015, 7001, 802, 3),
(222, 10015, 7001, 803, 3),
(223, 10015, 7001, 804, 3),
(224, 10015, 7001, 805, 3),
(225, 10015, 7001, 806, 3),
(226, 10015, 7001, 801, 3),
(227, 10015, 7001, 802, 3),
(228, 10015, 7001, 803, 3),
(229, 10015, 7001, 804, 3),
(230, 10015, 7001, 805, 3),
(231, 10015, 7001, 806, 3),
(232, 10015, 7001, 801, 3),
(233, 10015, 7001, 802, 3),
(234, 10015, 7001, 803, 3),
(235, 10015, 7001, 804, 3),
(236, 10015, 7001, 805, 3),
(237, 10015, 7001, 806, 3),
(238, 10015, 7001, 801, 3),
(239, 10015, 7001, 802, 3),
(240, 10015, 7001, 803, 3),
(241, 10015, 7001, 804, 3),
(242, 10015, 7001, 805, 3),
(243, 10015, 7001, 806, 3),
(244, 10015, 7001, 801, 3),
(245, 10015, 7001, 802, 3),
(246, 10015, 7001, 803, 3),
(247, 10015, 7001, 804, 3),
(248, 10015, 7001, 805, 3),
(249, 10015, 7001, 806, 3),
(250, 10015, 7001, 801, 3),
(251, 10015, 7001, 802, 3),
(252, 10015, 7001, 803, 3),
(253, 10015, 7001, 804, 3),
(254, 10015, 7001, 805, 3),
(255, 10015, 7001, 806, 3),
(256, 10015, 7001, 801, 3),
(257, 10015, 7001, 802, 3),
(258, 10015, 7001, 803, 3),
(259, 10015, 7001, 804, 3),
(260, 10015, 7001, 805, 3),
(261, 10015, 7001, 806, 3),
(262, 10015, 7001, 801, 3),
(263, 10015, 7001, 802, 3),
(264, 10015, 7001, 803, 3),
(265, 10015, 7001, 804, 3),
(266, 10015, 7001, 805, 3),
(267, 10015, 7001, 806, 3),
(268, 10015, 7001, 801, 3),
(269, 10015, 7001, 802, 3),
(270, 10015, 7001, 803, 3),
(271, 10015, 7001, 804, 3),
(272, 10015, 7001, 805, 3),
(273, 10015, 7001, 806, 3),
(274, 10015, 7001, 801, 3),
(275, 10015, 7001, 802, 3),
(276, 10015, 7001, 803, 3),
(277, 10015, 7001, 804, 3),
(278, 10015, 7001, 805, 3),
(279, 10015, 7001, 806, 3),
(280, 10015, 7001, 801, 3),
(281, 10015, 7001, 802, 3),
(282, 10015, 7001, 803, 3),
(283, 10015, 7001, 804, 3),
(284, 10015, 7001, 805, 3),
(285, 10015, 7001, 806, 3),
(286, 10015, 7001, 801, 3),
(287, 10015, 7001, 802, 3),
(288, 10015, 7001, 803, 3),
(289, 10015, 7001, 804, 3),
(290, 10015, 7001, 805, 3),
(291, 10015, 7001, 806, 3),
(292, 10015, 7001, 801, 3),
(293, 10015, 7001, 802, 3),
(294, 10015, 7001, 803, 3),
(295, 10015, 7001, 804, 3),
(296, 10015, 7001, 805, 3),
(297, 10015, 7001, 806, 3),
(298, 10015, 7001, 801, 3),
(299, 10015, 7001, 802, 3),
(300, 10015, 7001, 803, 3),
(301, 10015, 7001, 804, 3),
(302, 10015, 7001, 805, 3),
(303, 10015, 7001, 806, 3),
(304, 10015, 7001, 801, 3),
(305, 10015, 7001, 802, 3),
(306, 10015, 7001, 803, 3),
(307, 10015, 7001, 804, 3),
(308, 10015, 7001, 805, 3),
(309, 10015, 7001, 806, 3),
(310, 10015, 7001, 801, 4),
(311, 10015, 7001, 802, 4),
(312, 10015, 7001, 803, 3),
(313, 10015, 7001, 804, 3),
(314, 10015, 7001, 805, 3),
(315, 10015, 7001, 806, 3),
(316, 10015, 7001, 801, 4),
(317, 10015, 7001, 802, 4),
(318, 10015, 7001, 803, 3),
(319, 10015, 7001, 804, 3),
(320, 10015, 7001, 805, 3),
(321, 10015, 7001, 806, 3),
(322, 10015, 7001, 801, 4),
(323, 10015, 7001, 802, 4),
(324, 10015, 7001, 803, 3),
(325, 10015, 7001, 804, 3),
(326, 10015, 7001, 805, 3),
(327, 10015, 7001, 806, 3),
(328, 10015, 7001, 801, 4),
(329, 10015, 7001, 802, 4),
(330, 10015, 7001, 803, 3),
(331, 10015, 7001, 804, 3),
(332, 10015, 7001, 805, 3),
(333, 10015, 7001, 806, 3),
(334, 10015, 7001, 801, 4),
(335, 10015, 7001, 802, 4),
(336, 10015, 7001, 803, 3),
(337, 10015, 7001, 804, 3),
(338, 10015, 7001, 805, 3),
(339, 10015, 7001, 806, 3),
(340, 10015, 7001, 801, 4),
(341, 10015, 7001, 802, 4),
(342, 10015, 7001, 803, 3),
(343, 10015, 7001, 804, 3),
(344, 10015, 7001, 805, 3),
(345, 10015, 7001, 806, 3),
(346, 10015, 7001, 801, 4),
(347, 10015, 7001, 802, 4),
(348, 10015, 7001, 803, 3),
(349, 10015, 7001, 804, 3),
(350, 10015, 7001, 805, 3),
(351, 10015, 7001, 806, 3),
(352, 10015, 7001, 801, 4),
(353, 10015, 7001, 802, 4),
(354, 10015, 7001, 803, 3),
(355, 10015, 7001, 804, 3),
(356, 10015, 7001, 805, 3),
(357, 10015, 7001, 806, 3),
(358, 10015, 7001, 801, 4),
(359, 10015, 7001, 802, 4),
(360, 10015, 7001, 803, 3),
(361, 10015, 7001, 804, 3),
(362, 10015, 7001, 805, 3),
(363, 10015, 7001, 806, 3),
(364, 10015, 7001, 801, 4),
(365, 10015, 7001, 802, 4),
(366, 10015, 7001, 803, 3),
(367, 10015, 7001, 804, 3),
(368, 10015, 7001, 805, 3),
(369, 10015, 7001, 806, 3),
(370, 10015, 7001, 801, 4),
(371, 10015, 7001, 802, 4),
(372, 10015, 7001, 803, 3),
(373, 10015, 7001, 804, 3),
(374, 10015, 7001, 805, 3),
(375, 10015, 7001, 806, 3),
(376, 10015, 7001, 801, 1),
(377, 10015, 7001, 802, 1),
(378, 10015, 7001, 803, 1),
(379, 10015, 7001, 804, 1),
(380, 10015, 7001, 805, 1),
(381, 10015, 7001, 806, 1),
(382, 10015, 7001, 801, 1),
(383, 10015, 7001, 802, 1),
(384, 10015, 7001, 803, 1),
(385, 10015, 7001, 804, 1),
(386, 10015, 7001, 805, 1),
(387, 10015, 7001, 806, 1),
(388, 10015, 7001, 801, 1),
(389, 10015, 7001, 802, 1),
(390, 10015, 7001, 803, 1),
(391, 10015, 7001, 804, 1),
(392, 10015, 7001, 805, 1),
(393, 10015, 7001, 806, 1),
(394, 10015, 7001, 801, 1),
(395, 10015, 7001, 802, 1),
(396, 10015, 7001, 803, 1),
(397, 10015, 7001, 804, 1),
(398, 10015, 7001, 805, 1),
(399, 10015, 7001, 806, 1),
(400, 10015, 7001, 801, 1),
(401, 10015, 7001, 802, 1),
(402, 10015, 7001, 803, 1),
(403, 10015, 7001, 804, 1),
(404, 10015, 7001, 805, 1),
(405, 10015, 7001, 806, 1),
(406, 10015, 7001, 801, 1),
(407, 10015, 7001, 802, 1),
(408, 10015, 7001, 803, 1),
(409, 10015, 7001, 804, 1),
(410, 10015, 7001, 805, 1),
(411, 10015, 7001, 806, 1),
(412, 10015, 7001, 801, 1),
(413, 10015, 7001, 802, 1),
(414, 10015, 7001, 803, 1),
(415, 10015, 7001, 804, 1),
(416, 10015, 7001, 805, 1),
(417, 10015, 7001, 806, 1),
(418, 10015, 7001, 801, 3),
(419, 10015, 7001, 802, 3),
(420, 10015, 7001, 803, 2),
(421, 10015, 7001, 804, 2),
(422, 10015, 7001, 805, 3),
(423, 10015, 7001, 806, 2),
(424, 10015, 7001, 801, 1),
(425, 10015, 7001, 802, 1),
(426, 10015, 7001, 803, 1),
(427, 10015, 7001, 804, 1),
(428, 10015, 7001, 805, 1),
(429, 10015, 7001, 806, 1),
(430, 10271, 7001, 801, 1),
(431, 10271, 7001, 802, 1),
(432, 10271, 7001, 803, 2),
(433, 10271, 7001, 804, 2),
(434, 10271, 7001, 805, 3),
(435, 10271, 7001, 806, 4),
(436, 10272, 7002, 801, 4),
(437, 10272, 7002, 802, 4),
(438, 10272, 7002, 803, 4),
(439, 10272, 7002, 804, 4),
(440, 10272, 7002, 805, 4),
(441, 10272, 7002, 806, 4),
(442, 10272, 7002, 801, 3),
(443, 10272, 7002, 802, 3),
(444, 10272, 7002, 803, 3),
(445, 10272, 7002, 804, 3),
(446, 10272, 7002, 805, 3),
(447, 10272, 7002, 806, 3),
(448, 10032, 7002, 801, 3),
(449, 10032, 7002, 802, 3),
(450, 10032, 7002, 803, 3),
(451, 10032, 7002, 804, 3),
(452, 10032, 7002, 805, 3),
(453, 10032, 7002, 806, 3),
(454, 10036, 7002, 801, 3),
(455, 10036, 7002, 802, 3),
(456, 10036, 7002, 803, 3),
(457, 10036, 7002, 804, 3),
(458, 10036, 7002, 805, 3),
(459, 10036, 7002, 806, 3),
(460, 10278, 7002, 801, 1),
(461, 10278, 7002, 802, 1),
(462, 10278, 7002, 803, 1),
(463, 10278, 7002, 804, 1),
(464, 10278, 7002, 805, 1),
(465, 10278, 7002, 806, 1),
(466, 10279, 7002, 801, 2),
(467, 10279, 7002, 802, 2),
(468, 10279, 7002, 803, 2),
(469, 10279, 7002, 804, 2),
(470, 10279, 7002, 805, 2),
(471, 10279, 7002, 806, 2),
(472, 10281, 7002, 801, 1),
(473, 10281, 7002, 802, 1),
(474, 10281, 7002, 803, 1),
(475, 10281, 7002, 804, 1),
(476, 10281, 7002, 805, 1),
(477, 10281, 7002, 806, 1),
(478, 10294, 7001, 1, 3),
(479, 10294, 7001, 2, 3),
(480, 10294, 7001, 1, 3),
(481, 10294, 7001, 2, 3),
(482, 10308, 7002, 801, 1),
(483, 10308, 7002, 802, 1),
(484, 10308, 7002, 803, 1),
(485, 10308, 7002, 804, 1),
(486, 10308, 7002, 805, 1),
(487, 10308, 7002, 806, 1),
(488, 10032, 7002, 1, 3),
(489, 10032, 7002, 2, 3),
(490, 10233, 7002, 801, 3),
(491, 10233, 7002, 802, 3),
(492, 10233, 7002, 803, 3),
(493, 10233, 7002, 804, 3),
(494, 10233, 7002, 805, 3),
(495, 10233, 7002, 806, 3),
(496, 10317, 7002, 801, 2),
(497, 10317, 7002, 802, 2),
(498, 10317, 7002, 803, 3),
(499, 10317, 7002, 804, 3),
(500, 10317, 7002, 805, 2),
(501, 10317, 7002, 806, 2),
(502, 10335, 7001, 801, 1),
(503, 10335, 7001, 802, 1),
(504, 10335, 7001, 803, 1),
(505, 10335, 7001, 804, 1),
(506, 10335, 7001, 805, 1),
(507, 10335, 7001, 806, 1),
(508, 10335, 7001, 801, 1),
(509, 10335, 7001, 802, 1),
(510, 10335, 7001, 803, 1),
(511, 10335, 7001, 804, 1),
(512, 10335, 7001, 805, 1),
(513, 10335, 7001, 806, 1),
(514, 10336, 7002, 1, 3),
(515, 10336, 7002, 2, 3),
(516, 10337, 7001, 1, 4),
(517, 10337, 7001, 2, 4),
(518, 10343, 7001, 1, 1),
(519, 10343, 7001, 2, 1),
(520, 10375, 7002, 1, 1),
(521, 10375, 7002, 2, 1),
(522, 10380, 7002, 1, 2),
(523, 10380, 7002, 2, 2),
(524, 10381, 7002, 1, 2),
(525, 10381, 7002, 2, 2),
(526, 10382, 7002, 1, 4),
(527, 10382, 7002, 2, 4),
(528, 10383, 7002, 1, 4),
(529, 10383, 7002, 2, 4),
(530, 10384, 7002, 1, 4),
(531, 10384, 7002, 2, 4);

-- --------------------------------------------------------

--
-- Table structure for table `tr_export_detail`
--

CREATE TABLE IF NOT EXISTS `tr_export_detail` (
  `id` int(11) NOT NULL AUTO_INCREMENT,
  `nama_user` varchar(255) NOT NULL,
  `judul_materi` varchar(255) NOT NULL,
  `nama_instruktur` varchar(255) NOT NULL,
  `pertanyaan` text NOT NULL,
  `nilai` int(11) NOT NULL,
  PRIMARY KEY (`id`)
) ENGINE=InnoDB DEFAULT CHARSET=latin1 AUTO_INCREMENT=1 ;

-- --------------------------------------------------------

--
-- Table structure for table `tr_export_instruktur`
--

CREATE TABLE IF NOT EXISTS `tr_export_instruktur` (
  `id_training` varchar(5) NOT NULL,
  `id_instruktur` varchar(5) NOT NULL,
  `nilai_1` int(11) NOT NULL,
  `nilai_2` int(11) NOT NULL,
  `nilai_3` int(11) NOT NULL,
  `nilai_4` int(11) NOT NULL,
  `nilai_5` int(11) NOT NULL
) ENGINE=InnoDB DEFAULT CHARSET=latin1;

-- --------------------------------------------------------

--
-- Table structure for table `tr_export_training`
--

CREATE TABLE IF NOT EXISTS `tr_export_training` (
  `id_training` varchar(5) NOT NULL,
  `id_pertanyaan` varchar(4) NOT NULL,
  `nilai_1` int(11) NOT NULL,
  `nilai_2` int(11) NOT NULL,
  `nilai_3` int(11) NOT NULL,
  `nilai_4` int(11) NOT NULL,
  `nilai_5` int(11) NOT NULL
) ENGINE=InnoDB DEFAULT CHARSET=latin1;

-- --------------------------------------------------------

--
-- Table structure for table `tr_instruktur`
--

CREATE TABLE IF NOT EXISTS `tr_instruktur` (
  `id_instruktur` int(11) NOT NULL AUTO_INCREMENT,
  `nama_instruktur` varchar(255) NOT NULL,
  `id_materi` int(11) NOT NULL,
  PRIMARY KEY (`id_instruktur`)
) ENGINE=InnoDB  DEFAULT CHARSET=latin1 AUTO_INCREMENT=2014 ;

--
-- Dumping data for table `tr_instruktur`
--

INSERT INTO `tr_instruktur` (`id_instruktur`, `nama_instruktur`, `id_materi`) VALUES
(2001, 'Beny sudarmadji', 7001),
(2002, 'Agus Gunawan', 7001),
(2003, 'Instruktur Tambahan', 7002),
(2004, 'Harby', 7001),
(2005, 'oman', 7001),
(2006, 'ins tambahan2', 7002),
(2007, 'ins tambahan3', 7002),
(2008, 'ins tambahan4', 7002),
(2009, 'ins tam 5', 7002),
(2010, 'ins tam 6', 7002),
(2011, 'ins 7', 7002),
(2012, 'ins 8', 7002),
(2013, 'ins 9', 7002);

-- --------------------------------------------------------

--
-- Table structure for table `tr_materi`
--

CREATE TABLE IF NOT EXISTS `tr_materi` (
  `id_materi` int(11) NOT NULL AUTO_INCREMENT,
  `judul_materi` varchar(255) NOT NULL,
  `tanggal_materi` date NOT NULL,
  `venue_materi` varchar(255) NOT NULL,
  `jum_instruktur` int(2) NOT NULL,
  PRIMARY KEY (`id_materi`)
) ENGINE=InnoDB  DEFAULT CHARSET=latin1 AUTO_INCREMENT=7003 ;

--
-- Dumping data for table `tr_materi`
--

INSERT INTO `tr_materi` (`id_materi`, `judul_materi`, `tanggal_materi`, `venue_materi`, `jum_instruktur`) VALUES
(7001, 'Personal Image Banker for BTN (PT. Bank Tabungan Negara)', '2017-10-25', 'Jakarta', 3),
(7002, 'Pelatihan Programming', '2017-10-16', 'Bandung', 9);

-- --------------------------------------------------------

--
-- Table structure for table `tr_saran`
--

CREATE TABLE IF NOT EXISTS `tr_saran` (
  `id_saran` int(11) NOT NULL AUTO_INCREMENT,
  `id_user` int(11) NOT NULL,
  `id_materi` int(11) NOT NULL,
  `isi_saran` text NOT NULL,
  PRIMARY KEY (`id_saran`)
) ENGINE=InnoDB  DEFAULT CHARSET=latin1 AUTO_INCREMENT=33 ;

--
-- Dumping data for table `tr_saran`
--

INSERT INTO `tr_saran` (`id_saran`, `id_user`, `id_materi`, `isi_saran`) VALUES
(1, 0, 7001, 'aaww'),
(2, 0, 7002, 'asd'),
(3, 0, 7002, 'ty'),
(4, 0, 7002, 'tingkatkan metode pengajaran dengan fasilitas yang memadai'),
(5, 0, 7002, 'aw'),
(6, 0, 7002, 'iya nih diisi'),
(7, 0, 7001, 'test'),
(8, 0, 7001, 'iyaiya'),
(9, 0, 7001, 'aww'),
(10, 0, 7001, 'j'),
(11, 0, 7002, 'baru'),
(12, 0, 7002, 'yuu'),
(13, 0, 7002, 'asw'),
(14, 10281, 7002, 'tes instruk'),
(15, 10294, 7001, 'tes bahasao'),
(16, 10308, 7002, 'awe'),
(17, 10032, 7002, 'asw'),
(18, 10233, 7002, 'awe'),
(19, 10317, 7002, 'oiya'),
(20, 10335, 7001, 'saran training'),
(21, 10335, 7001, 'saran training'),
(22, 10336, 7002, 'saran training'),
(23, 10337, 7001, 'saran training'),
(24, 10338, 7001, 'mat1'),
(25, 10343, 7001, 'mat1'),
(26, 10375, 7002, 'saran mat1'),
(27, 10375, 7002, 'saran mat1'),
(28, 10380, 7002, 'saran mat1'),
(29, 10381, 7002, 'saran mat'),
(30, 10382, 7002, 'sar 1'),
(31, 10383, 7002, 'sar m'),
(32, 10384, 7002, 'sar m');

-- --------------------------------------------------------

--
-- Table structure for table `tr_saran_instruktur`
--

CREATE TABLE IF NOT EXISTS `tr_saran_instruktur` (
  `id_saran_ins` int(11) NOT NULL AUTO_INCREMENT,
  `id_user` int(11) NOT NULL,
  `id_instruktur` int(11) NOT NULL,
  `id_materi` int(10) NOT NULL,
  `isi_saran_ins` text NOT NULL,
  PRIMARY KEY (`id_saran_ins`)
) ENGINE=InnoDB  DEFAULT CHARSET=latin1 AUTO_INCREMENT=52 ;

--
-- Dumping data for table `tr_saran_instruktur`
--

INSERT INTO `tr_saran_instruktur` (`id_saran_ins`, `id_user`, `id_instruktur`, `id_materi`, `isi_saran_ins`) VALUES
(1, 10335, 2001, 0, 'saran ins 1'),
(2, 10335, 2002, 0, 'saran ins2'),
(3, 10335, 2001, 0, 'saran ins 1'),
(4, 10335, 2002, 0, 'saran ins2'),
(5, 10336, 2003, 0, 'saran ins1'),
(6, 10337, 2001, 0, 'saran ins1'),
(7, 10337, 2002, 0, 'saran ins2'),
(8, 10338, 2001, 0, 'ins1'),
(9, 10338, 2002, 0, 'ins 3'),
(10, 10343, 2001, 0, 'ins1'),
(11, 10343, 2002, 0, 'ins 2'),
(12, 10343, 2004, 0, 'ins 3'),
(13, 10375, 2003, 7002, 'saran ins1'),
(14, 10375, 2006, 7002, 'saran ins2'),
(15, 10375, 2007, 7002, 'saran ins3'),
(16, 10375, 2008, 7002, 'saran ins4'),
(17, 10380, 2003, 7002, 'sara ins1'),
(18, 10380, 2006, 7002, 'saran ins2'),
(19, 10380, 2007, 7002, 'saran ins3'),
(20, 10380, 2008, 7002, 'saran ins4'),
(21, 10380, 2009, 7002, 'saran ins5'),
(22, 10381, 2003, 7002, 'ins 1 sar'),
(23, 10381, 2006, 7002, 'ins 2 sar'),
(24, 10381, 2007, 7002, 'ins 3 sar'),
(25, 10381, 2008, 7002, 'ins 4 sar'),
(26, 10381, 2009, 7002, 'ins 5 sar'),
(27, 10381, 2010, 7002, 'ins 6 sar'),
(28, 10382, 2003, 7002, 'sar i1'),
(29, 10382, 2006, 7002, 'sar i2'),
(30, 10382, 2007, 7002, 'sar i3'),
(31, 10382, 2008, 7002, 'sar i4'),
(32, 10382, 2009, 7002, 'sar i5'),
(33, 10382, 2010, 7002, 'sar i6'),
(34, 10382, 2011, 7002, 'sar i7'),
(35, 10383, 2003, 7002, 'sar i1'),
(36, 10383, 2006, 7002, 'sar i2'),
(37, 10383, 2007, 7002, 'sar i3'),
(38, 10383, 2008, 7002, 'sar i4'),
(39, 10383, 2009, 7002, 'sar i5'),
(40, 10383, 2010, 7002, 'sar i6'),
(41, 10383, 2011, 7002, 'sar i7'),
(42, 10383, 2012, 7002, 'sar i8'),
(43, 10384, 2003, 7002, 'ins i1'),
(44, 10384, 2006, 7002, 'ins 2'),
(45, 10384, 2007, 7002, 'ins 3'),
(46, 10384, 2008, 7002, 'ins 4'),
(47, 10384, 2009, 7002, 'ins 5'),
(48, 10384, 2010, 7002, 'ins 6'),
(49, 10384, 2011, 7002, 'ins 7'),
(50, 10384, 2012, 7002, 'ins 8'),
(51, 10384, 2013, 7002, 'ins 9');

-- --------------------------------------------------------

--
-- Table structure for table `tr_user`
--

CREATE TABLE IF NOT EXISTS `tr_user` (
  `id_user` int(11) NOT NULL AUTO_INCREMENT,
  `nama_user` varchar(255) NOT NULL,
  PRIMARY KEY (`id_user`)
) ENGINE=InnoDB  DEFAULT CHARSET=latin1 AUTO_INCREMENT=10386 ;

--
-- Dumping data for table `tr_user`
--

INSERT INTO `tr_user` (`id_user`, `nama_user`) VALUES
(10001, 'Novyan Edwin R.'),
(10002, 'Adinda Febriyanto'),
(10003, 'Febrizky Ramadhani'),
(10004, 'Harby Awandi'),
(10005, 'Harby Anwardi'),
(10006, 'User Baru'),
(10007, 'User Baru'),
(10008, 'Rizal'),
(10009, 'Rizal FC'),
(10010, 'abel'),
(10011, 'abdel'),
(10012, 'egy mesi'),
(10013, 'egy messsy'),
(10014, 'egy'),
(10015, 'helmi'),
(10016, 'ardian'),
(10017, 'andi'),
(10018, 'andi'),
(10019, 'rewa'),
(10020, 'rewa'),
(10021, 'rewa'),
(10022, 'rewa'),
(10023, 'rewa'),
(10024, 'rewa'),
(10025, 'bella'),
(10026, 'bello'),
(10027, 'dim'),
(10028, 'geguwo'),
(10029, 'adum'),
(10030, 'adum1'),
(10031, 'adum1'),
(10032, 'tes1'),
(10033, 'tes1'),
(10034, 'tes1'),
(10035, 'tes1'),
(10036, 'tes2'),
(10037, 'tes2'),
(10038, 'tes2'),
(10039, 'tes2'),
(10040, 'tes2'),
(10041, 'tes2'),
(10042, 'tes2'),
(10043, 'te'),
(10044, 'te'),
(10045, 'te'),
(10046, 'te'),
(10047, 'te'),
(10048, 'te'),
(10049, 'te'),
(10050, 'te'),
(10051, 'te'),
(10052, 'te'),
(10053, 'te'),
(10054, 'te'),
(10055, 'te'),
(10056, 'te'),
(10057, 'te'),
(10058, 'te'),
(10059, 'te'),
(10060, 'te'),
(10061, 'te'),
(10062, 'te'),
(10063, 'te'),
(10064, 'te'),
(10065, 'helmi'),
(10066, 'helmi'),
(10067, 'helmi'),
(10068, 'helmi'),
(10069, 'helmi'),
(10070, 'helmi'),
(10071, 'helmi'),
(10072, 'helmi'),
(10073, 'helmi'),
(10074, 'helmi'),
(10075, 'helmi'),
(10076, 'helmi'),
(10077, 'helmi'),
(10078, 'helmi'),
(10079, 'helmi'),
(10080, 'helmi'),
(10081, 'helmi'),
(10082, 'helmi'),
(10083, 'helmi'),
(10084, 'helmi'),
(10085, 'helmi'),
(10086, 'helmi'),
(10087, 'helmi'),
(10088, 'helmi'),
(10089, 'helmi'),
(10090, 'helmi'),
(10091, 'helmi'),
(10092, 'helmi'),
(10093, 'helmi'),
(10094, 'helmi'),
(10095, 'helmi'),
(10096, 'helmi'),
(10097, 'aaaz'),
(10098, 'aaaz'),
(10099, 'aaaz'),
(10100, 'aaaz'),
(10101, 'aaaz'),
(10102, 'aaaz'),
(10103, 'aaaz'),
(10104, 'aaaz'),
(10105, 'aaaz'),
(10106, 'aaaz'),
(10107, 'aaaz'),
(10108, 'aaaz'),
(10109, 'aaaz'),
(10110, 'aaaz'),
(10111, 'aaaz'),
(10112, 'aaaz'),
(10113, 'aaaz'),
(10114, 'aaaz'),
(10115, 'aaaz'),
(10116, 'aaaz'),
(10117, 'aaaz'),
(10118, 'aaaz'),
(10119, 'aaaz'),
(10120, 'aaaz'),
(10121, 'aaaz'),
(10122, 'aaaz'),
(10123, 'aaaz'),
(10124, 'aaaz'),
(10125, 'wendi'),
(10126, 'wendi'),
(10127, 'wendi'),
(10128, 'wenda'),
(10129, 'wenda'),
(10130, 'wenda'),
(10131, 'wenda'),
(10132, 'wenda'),
(10133, 'wenda'),
(10134, 'wenda'),
(10135, 'wenda'),
(10136, 'wenda'),
(10137, 'wenda'),
(10138, 'wenda'),
(10139, 'wenda'),
(10140, 'wenda'),
(10141, 'wenda'),
(10142, 'wenda'),
(10143, 'wenda'),
(10144, 'wenda'),
(10145, 'wenda'),
(10146, 'wenda'),
(10147, 'wenda'),
(10148, 'wenda'),
(10149, 'wenda'),
(10150, 'wenda'),
(10151, 'wenda'),
(10152, 'wenda'),
(10153, 'wenda'),
(10154, 'wenda'),
(10155, 'wenda'),
(10156, 'wenda'),
(10157, 'wenda'),
(10158, 'wenda'),
(10159, 'wenda'),
(10160, 'wenda'),
(10161, 'wenda'),
(10162, 'wenda'),
(10163, 'wenda'),
(10164, 'wenda'),
(10165, 'wenda'),
(10166, 'wenda'),
(10167, 'wenda'),
(10168, 'wenda'),
(10169, 'wenda'),
(10170, 'wenda'),
(10171, 'wenda'),
(10172, 'wenda'),
(10173, 'wenda'),
(10174, 'wenda'),
(10175, 'wenda'),
(10176, 'wenda'),
(10177, 'wenda'),
(10178, 'wenda'),
(10179, 'wenda'),
(10180, 'wenda'),
(10181, 'wenda'),
(10182, 'wenda'),
(10183, 'wenda'),
(10184, 'wenda'),
(10185, 'windu'),
(10186, 'windu'),
(10187, 'windu'),
(10188, 'windu'),
(10189, 'windu'),
(10190, 'windu'),
(10191, 'windu'),
(10192, 'windu'),
(10193, 'windu'),
(10194, 'windu'),
(10195, 'windu'),
(10196, 'windu'),
(10197, 'windu'),
(10198, 'windu'),
(10199, 'windu'),
(10200, 'windu'),
(10201, 'windu'),
(10202, 'windu'),
(10203, 'windu'),
(10204, 'windu'),
(10205, 'windu'),
(10206, 'windu'),
(10207, 'windu'),
(10208, 'wulandari'),
(10209, 'wulandaro'),
(10210, 'abay'),
(10211, 'abaykan'),
(10212, 'abaykan'),
(10213, 'abaykan'),
(10214, 'abaykan'),
(10215, 'abaykan'),
(10216, 'abaykan'),
(10217, 'ari'),
(10218, 'ariando'),
(10219, 'ariandi'),
(10220, 'ariandi'),
(10221, 'alo'),
(10222, 'aloi'),
(10223, 'andi'),
(10224, 'andi'),
(10225, 'andi'),
(10226, 'andi'),
(10227, 'rudi'),
(10228, 'rudi'),
(10229, 'rudi'),
(10230, 'haay'),
(10231, 'haay'),
(10232, 'aq'),
(10233, 'wer'),
(10234, 'wer'),
(10235, 'wer'),
(10236, 'wer'),
(10237, 'wer'),
(10238, 'wer'),
(10239, 'wer'),
(10240, 'wer'),
(10241, 'wer'),
(10242, 'husni'),
(10243, 'danu'),
(10244, 'imron'),
(10245, 'bima'),
(10246, 'bima'),
(10247, 'bima'),
(10248, 'bima'),
(10249, 'bima'),
(10250, 'bimo'),
(10251, 'aaa'),
(10252, 'bima'),
(10253, 'bima'),
(10254, 'bima'),
(10255, 'rudi habibi'),
(10256, 'febri'),
(10257, 'adin'),
(10258, 'adin'),
(10259, 'adin'),
(10260, 'adin'),
(10261, 'adin'),
(10262, 'adin'),
(10263, 'adin'),
(10264, 'sikujan'),
(10265, 'awe'),
(10266, 'helmi'),
(10267, 'helmi'),
(10268, 'helmi'),
(10269, 'helmi'),
(10270, 'helmi'),
(10271, 'baru'),
(10272, 'buri'),
(10273, 'buri'),
(10274, 'tes1'),
(10275, 'tes1'),
(10276, 'tes2'),
(10277, 'tes2'),
(10278, 'tes3'),
(10279, 'ujicoba2'),
(10280, 'adi'),
(10281, 'imam'),
(10282, 'imam'),
(10283, 'usob'),
(10284, 'ramon'),
(10285, 'ramon'),
(10286, 'ramon'),
(10287, 'ramon'),
(10288, 'ramon'),
(10289, 'ramon'),
(10290, 'ramon'),
(10291, 'ramon'),
(10292, 'ramon'),
(10293, 'jono'),
(10294, 'juni'),
(10295, 'juni'),
(10296, 'juni'),
(10297, 'juni'),
(10298, 'juni'),
(10299, 'awe'),
(10300, 'awe'),
(10301, 'awe'),
(10302, 'awe'),
(10303, 'awe'),
(10304, 'awe'),
(10305, 'awe'),
(10306, 'awe'),
(10307, 'awe'),
(10308, 'tes terakhir'),
(10309, 'tes terakhir'),
(10310, 'tes terakhir'),
(10311, 'tes1'),
(10312, 'wer'),
(10313, 'yuai'),
(10314, 'yuai'),
(10315, 'yuai'),
(10316, 'yuai'),
(10317, 'vemri'),
(10318, 'huak'),
(10319, 'huak'),
(10320, 'huak'),
(10321, 'huak'),
(10322, 'huak'),
(10323, 'huak'),
(10324, 'huak'),
(10325, 'huak'),
(10326, 'huak'),
(10327, 'huak'),
(10328, 'huak'),
(10329, 'huak'),
(10330, 'samsul'),
(10331, 'samsul'),
(10332, 'samsul'),
(10333, 'samsul'),
(10334, 'samsul'),
(10335, 'laren'),
(10336, 'hil'),
(10337, 'milka'),
(10338, 'omon'),
(10339, 'omon'),
(10340, 'omon'),
(10341, 'omon'),
(10342, 'omon'),
(10343, 'omonni'),
(10344, 'iloy'),
(10345, 'iloy'),
(10346, 'iloy'),
(10347, 'iloy'),
(10348, 'iloy'),
(10349, 'iloy'),
(10350, 'iloy'),
(10351, 'iloy'),
(10352, 'iloy'),
(10353, 'iloy'),
(10354, 'iloy'),
(10355, 'iloy'),
(10356, 'iloy'),
(10357, 'iloy'),
(10358, 'iloy'),
(10359, 'iloy'),
(10360, 'iloy'),
(10361, 'iloy'),
(10362, 'iloy'),
(10363, 'iloy'),
(10364, 'iloy'),
(10365, 'iloy'),
(10366, 'iloy'),
(10367, 'iloy'),
(10368, 'iloy'),
(10369, 'iloy'),
(10370, 'iloy'),
(10371, 'iloy'),
(10372, 'iloy'),
(10373, 'iloy'),
(10374, 'ilokah'),
(10375, 'temon'),
(10376, 'toha'),
(10377, 'toha'),
(10378, 'tohay'),
(10379, 'toga'),
(10380, 'roy'),
(10381, 'ujang'),
(10382, 'arap'),
(10383, 'ute'),
(10384, 'sem'),
(10385, 'hy');

/*!40101 SET CHARACTER_SET_CLIENT=@OLD_CHARACTER_SET_CLIENT */;
/*!40101 SET CHARACTER_SET_RESULTS=@OLD_CHARACTER_SET_RESULTS */;
/*!40101 SET COLLATION_CONNECTION=@OLD_COLLATION_CONNECTION */;
